{"BTC/ARS": {"ask": 3253.8094898100003, "bid": 2938.1758848000004}, "result": "ok", "BTC/USD": {"ask": 252.006, "bid": 239.01600000000002}}